{"initial_reset_timestamp": 1611392484.3867984, "timestamps": [1611392487.011434, 1611392487.901102, 1611392487.9725738, 1611392487.9961002, 1611392488.0207171, 1611392488.0733767, 1611392488.1307223, 1611392488.1686325, 1611392489.1077962, 1611392489.4071555, 1611392489.6707034, 1611392489.9349985, 1611392490.2437196, 1611392490.517098, 1611392490.863526, 1611392491.221448, 1611392491.4947274, 1611392491.7015688, 1611392492.1504953, 1611392492.614136, 1611392493.005405, 1611392493.4796915, 1611392493.9126472, 1611392494.1929183, 1611392494.8422914, 1611392495.209671, 1611392495.4905858, 1611392496.3935192, 1611392496.730421, 1611392497.0925045, 1611392497.37624, 1611392497.8079603, 1611392498.275799, 1611392498.7183604, 1611392499.1103415, 1611392499.5804567, 1611392500.1983166, 1611392500.5846937, 1611392500.867009, 1611392501.1752322, 1611392501.5212505, 1611392501.8121428, 1611392502.4808059, 1611392502.7459462, 1611392503.2207704, 1611392503.663645, 1611392503.998513, 1611392504.4828155, 1611392504.85183, 1611392505.336173, 1611392505.6734784, 1611392506.2412913, 1611392506.7884624, 1611392507.1239798, 1611392507.3631437, 1611392507.8926792, 1611392508.2250853, 1611392508.674482, 1611392508.993932, 1611392509.2697518, 1611392509.674001, 1611392510.2764988, 1611392510.590757, 1611392510.9625878, 1611392512.537778, 1611392512.9607408, 1611392513.6225576, 1611392514.1292732, 1611392514.526555, 1611392515.0002, 1611392515.592315, 1611392516.05396, 1611392516.625642, 1611392516.8852217, 1611392517.3771224, 1611392517.655715, 1611392518.2286468, 1611392518.577395, 1611392519.1047502, 1611392519.8926117, 1611392520.739128, 1611392521.897881, 1611392522.5073571, 1611392523.5989528, 1611392523.9114525, 1611392524.126998, 1611392527.9995959, 1611392528.5115778, 1611392529.0133984, 1611392529.6225479, 1611392530.4149196, 1611392530.7029443, 1611392531.0855548, 1611392531.6203585, 1611392532.285575, 1611392532.9284034, 1611392533.6474726, 1611392534.2091954, 1611392535.6978068, 1611392535.9567187, 1611392536.5579941, 1611392537.1374376, 1611392539.1703765, 1611392540.723159, 1611392543.0869145, 1611392543.628327, 1611392545.9703045, 1611392547.1022055, 1611392550.5751638, 1611392551.1631467, 1611392552.131029, 1611392556.267817, 1611392560.8368237, 1611392564.2684011, 1611392568.0393143, 1611392571.6532063, 1611392571.9217098, 1611392576.1251426, 1611392580.1146302, 1611392584.2518632, 1611392588.3184996, 1611392592.523757, 1611392596.3891137, 1611392600.5731075, 1611392604.9265869, 1611392613.6094067, 1611392614.809633, 1611392618.9718432, 1611392622.7197454, 1611392626.8091276, 1611392631.211695, 1611392635.1048965, 1611392639.2053003, 1611392643.1349263, 1611392646.9414968, 1611392647.9623222, 1611392651.9027476, 1611392656.0983825, 1611392660.4611297, 1611392664.9983485, 1611392668.9074626, 1611392673.1932623, 1611392677.2663364, 1611392681.2836006, 1611392685.3989449, 1611392689.3670928, 1611392693.6854684, 1611392697.5435998, 1611392701.4127078, 1611392705.109376, 1611392709.238065, 1611392713.1795676, 1611392713.6925292, 1611392717.6477501, 1611392719.732961, 1611392719.9767215, 1611392720.4652073, 1611392721.0980015, 1611392725.1659641, 1611392726.1658835, 1611392730.5460007, 1611392734.4996173, 1611392739.0467346, 1611392740.6642933, 1611392744.9606946, 1611392748.7792997, 1611392752.7797332, 1611392753.3445425, 1611392755.1000702, 1611392759.9328358, 1611392764.6593254, 1611392765.6019187, 1611392766.397302, 1611392766.914776, 1611392767.2897809, 1611392767.6920059, 1611392768.1043713, 1611392768.8676624, 1611392773.34684, 1611392775.660955, 1611392780.484184, 1611392782.908686, 1611392783.3559103, 1611392784.4094546, 1611392785.8102324, 1611392787.465707, 1611392791.9060538, 1611392792.3695347, 1611392792.9567688, 1611392795.051343, 1611392796.1424346, 1611392798.9187696, 1611392800.5848138, 1611392801.1987162, 1611392802.3696668, 1611392803.6683297, 1611392807.9407084, 1611392808.421624, 1611392809.0266116, 1611392813.2678883, 1611392814.3362136, 1611392815.4208307, 1611392817.9613366, 1611392822.7018347, 1611392827.865236, 1611392832.6683517, 1611392836.7213194, 1611392841.076111, 1611392842.707754, 1611392844.4260585, 1611392848.7832305, 1611392849.9240701, 1611392851.7670696, 1611392856.0953846, 1611392859.8825135, 1611392863.90581, 1611392867.1603332, 1611392871.2984746, 1611392873.6504734, 1611392874.886195, 1611392878.9962287, 1611392879.8261673, 1611392883.9350755, 1611392885.2976742, 1611392887.964885, 1611392891.9889722, 1611392893.058143, 1611392894.589526, 1611392898.8309646, 1611392901.086488, 1611392905.998596, 1611392910.0970263, 1611392911.5441096, 1611392912.8977273, 1611392916.8000667, 1611392919.0658975, 1611392922.1209645, 1611392926.4313593, 1611392928.2558997, 1611392929.4207613, 1611392930.5148895, 1611392932.1527905, 1611392933.4029202, 1611392937.490033, 1611392939.7945464, 1611392941.5918198, 1611392942.638904, 1611392946.7135675, 1611392951.1152294, 1611392955.2789562, 1611392957.1819422, 1611392959.063834, 1611392963.0850377, 1611392965.5492647, 1611392969.4048507, 1611392973.3506222, 1611392975.531007, 1611392979.6911619, 1611392980.645974, 1611392983.0961103, 1611392987.354727, 1611392988.7725143, 1611392992.6726348, 1611392993.8092356, 1611392997.7640283, 1611392999.4124818, 1611393003.5716405, 1611393004.8053818, 1611393005.794875, 1611393009.9192154, 1611393011.1665869, 1611393012.6899993, 1611393016.4170787, 1611393018.4401426, 1611393019.5930214, 1611393021.1086552, 1611393022.0467002, 1611393026.2052026, 1611393030.717909, 1611393035.241751, 1611393038.2874222, 1611393042.278679, 1611393046.5614073, 1611393047.755493, 1611393048.8828192, 1611393050.2162275, 1611393052.8323812, 1611393054.0819452, 1611393055.348355, 1611393057.167287, 1611393057.9840512, 1611393059.8977592, 1611393061.0195827, 1611393061.9085817, 1611393063.094394, 1611393066.0267174, 1611393067.0751998, 1611393071.035118, 1611393073.9510105, 1611393074.8999443, 1611393078.7671633, 1611393080.2469423, 1611393084.3967385, 1611393085.6183398, 1611393087.0894375, 1611393087.7995274, 1611393088.7597518, 1611393089.6453266, 1611393093.5387387, 1611393094.6102545, 1611393098.8672354, 1611393100.7566378, 1611393102.3021421, 1611393106.83255, 1611393109.1259766, 1611393112.273419, 1611393113.4985793, 1611393116.4639895, 1611393117.8931267, 1611393118.1391325, 1611393119.0306606, 1611393120.8332973, 1611393121.9057026, 1611393123.1122618, 1611393124.420535, 1611393125.2347608, 1611393129.4944131, 1611393130.8221202, 1611393132.2084033, 1611393132.911516, 1611393133.9667695, 1611393138.2379367, 1611393139.249587, 1611393143.7104907, 1611393144.522663, 1611393145.384212, 1611393146.2492864, 1611393148.9835274, 1611393150.1752343, 1611393154.5587177, 1611393155.9995217, 1611393157.0640152, 1611393158.1391, 1611393163.019093, 1611393164.7128432, 1611393165.347612, 1611393168.0334833, 1611393169.0941932, 1611393169.757259, 1611393173.8316054, 1611393175.328078, 1611393176.0705645, 1611393177.4259698, 1611393178.4483697, 1611393179.217641, 1611393179.872711, 1611393183.779559, 1611393185.2961466, 1611393186.8510685, 1611393187.5775127, 1611393188.3128633, 1611393189.8865619, 1611393191.2948227, 1611393193.985429, 1611393194.8371193, 1611393196.081588, 1611393196.7780123, 1611393197.600021, 1611393198.70567, 1611393200.7444139, 1611393201.3262706, 1611393202.9531648, 1611393203.6935132, 1611393204.3667486, 1611393208.2926419, 1611393209.0062246, 1611393209.850406, 1611393210.5040479, 1611393211.2622516, 1611393212.193393],